{
    "providers": [
        {
            "type": "bitmap",
            "file": "minecraft:font/irgups.png",
            "ascent": 7,
            "height": 40,
            "chars": [
                    "\u012A"
                ]
        },
        {
            "type": "bitmap",
            "file": "minecraft:font/admin.png",
            "ascent": 7,
            "height": 7,
            "chars": [
                    "\u00C3"
                ]
        },
		{
            "type": "bitmap",
            "file": "minecraft:font/info.png",
            "ascent": 7,
            "height": 7,
            "chars": [
                    "\u01CF"
                ]
        },
		{
            "type": "bitmap",
            "file": "minecraft:font/default.png",
            "ascent": 7,
            "height": 7,
            "chars": [
                    "\u00C6"
                ]
        },
		{
            "type": "bitmap",
            "file": "minecraft:font/smile.png",
            "ascent": 7,
            "height": 7,
            "chars": [
                    "\uD83D\uDE00"
                ]
        },
		{
            "type": "bitmap",
            "file": "minecraft:font/heart.png",
            "ascent": 7,
            "height": 7,
            "chars": [
                    "\u2764"
                ]
        },
		{
            "type": "bitmap",
            "file": "minecraft:font/love.png",
            "ascent": 7,
            "height": 7,
            "chars": [
                    "\uD83E\uDD70"
                ]
        },
		{
            "type": "bitmap",
            "file": "minecraft:font/sad.png",
            "ascent": 7,
            "height": 7,
            "chars": [
                    "\uD83D\uDE14"
                ]
        },
		{
            "type": "bitmap",
            "file": "minecraft:font/resourcepack.png",
            "ascent": 7,
            "height": 7,
            "chars": [
                    "\u06DE"
                ]
        }
    ]
}